<?xml version="1.0" encoding="UTF-8"?>
<project-private xmlns="http://www.netbeans.org/ns/project-private/1">
    <editor-bookmarks xmlns="http://www.netbeans.org/ns/editor-bookmarks/2" lastBookmarkId="0"/>
    <open-files xmlns="http://www.netbeans.org/ns/projectui-open-files/2">
        <group>
            <file>file:/D:/Documents/GitHub/CSCI315/project_starts/tech_support/model/database.php</file>
            <file>file:/D:/Documents/GitHub/CSCI315/project_starts/tech_support/index.php</file>
            <file>file:/D:/Documents/GitHub/CSCI315/project_starts/tech_support/errors/error.php</file>
            <file>file:/D:/Documents/GitHub/CSCI315/project_starts/tech_support/errors/database_error.php</file>
            <file>file:/D:/Documents/GitHub/CSCI315/project_starts/tech_support/technician_add/index.php</file>
            <file>file:/D:/Documents/GitHub/CSCI315/project_starts/tech_support/technician_display/technicians_display.php</file>
            <file>file:/D:/Documents/GitHub/CSCI315/project_starts/tech_support/technician_display/index.php</file>
            <file>file:/D:/Documents/GitHub/CSCI315/project_starts/tech_support/technician_add/add_technician_form.php</file>
            <file>file:/D:/Documents/GitHub/CSCI315/project_starts/tech_support/model/technician_database.php</file>
        </group>
    </open-files>
</project-private>
